<?xml version="1.0" ?>

<container xmlns="http://symfony.com/schema/dic/services"
    xmlns:xsi="http://www.w3.org/2001/XMLSchema-instance"
    xsi:schemaLocation="http://symfony.com/schema/dic/services http://symfony.com/schema/dic/services/services-1.0.xsd">

    <services>
        <service id="fos_http_cache.event_listener.cache_control"
                 class="FOS\HttpCacheBundle\EventListener\CacheControlListener"
                 public="true">
            <argument>%fos_http_cache.debug_header%</argument>
            <tag name="kernel.event_subscriber" />
        </service>
        <service id="FOS\HttpCacheBundle\EventListener\CacheControlListener" alias="fos_http_cache.event_listener.cache_control" public="true"/>

        <service id="fos_http_cache.response_matcher.cache_control.cacheable_response"
                 class="FOS\HttpCacheBundle\Http\ResponseMatcher\CacheableResponseMatcher"
                 abstract="true"
                 public="false">
        </service>

        <service id="fos_http_cache.response_matcher.cache_control.expression"
                 class="FOS\HttpCacheBundle\Http\ResponseMatcher\ExpressionResponseMatcher"
                 abstract="true"
                 public="false">
        </service>

    </services>
</container>
