<?xml version="1.0" ?>

<container xmlns="http://symfony.com/schema/dic/services"
    xmlns:xsi="http://www.w3.org/2001/XMLSchema-instance"
    xsi:schemaLocation="http://symfony.com/schema/dic/services http://symfony.com/schema/dic/services/services-1.0.xsd">

    <services>
        <service id="fos_http_cache.request_matcher"
                 class="Symfony\Component\HttpFoundation\ChainRequestMatcher"
                 public="false"
                 abstract="true"
        />
        <service id="fos_http_cache.request_matcher.path"
                 class="Symfony\Component\HttpFoundation\RequestMatcher\PathRequestMatcher"
                 public="false"
                 abstract="true"
        />
        <service id="fos_http_cache.request_matcher.host"
                 class="Symfony\Component\HttpFoundation\RequestMatcher\HostRequestMatcher"
                 public="false"
                 abstract="true"
        />
        <service id="fos_http_cache.request_matcher.methods"
                 class="Symfony\Component\HttpFoundation\RequestMatcher\MethodRequestMatcher"
                 public="false"
                 abstract="true"
        />
        <service id="fos_http_cache.request_matcher.ips"
                 class="Symfony\Component\HttpFoundation\RequestMatcher\IpsRequestMatcher"
                 public="false"
                 abstract="true"
        />
        <service id="fos_http_cache.request_matcher.attributes"
                 class="Symfony\Component\HttpFoundation\RequestMatcher\AttributesRequestMatcher"
                 public="false"
                 abstract="true"
        />

        <service id="fos_http_cache.request_matcher.query_string"
                 class="FOS\HttpCacheBundle\Http\RequestMatcher\QueryStringRequestMatcher"
                 public="false"
                 abstract="true"
        />

        <service id="fos_http_cache.rule_matcher"
                 class="FOS\HttpCacheBundle\Http\RuleMatcher"
                 public="false"
                 abstract="true"
        >
            <argument/>
            <argument on-invalid="null"/>
        </service>

        <service id="fos_http_cache.rule_matcher.cacheable"
                 class="FOS\HttpCacheBundle\Http\RuleMatcher"
                 public="false">
            <argument type="service" id="fos_http_cache.request_matcher.cacheable" />
            <argument type="service" id="fos_http_cache.response_matcher.cacheable" />
        </service>

        <service id="fos_http_cache.rule_matcher.must_invalidate"
                 class="FOS\HttpCacheBundle\Http\RuleMatcher"
                 public="false">
            <argument type="service" id="fos_http_cache.request_matcher.unsafe" />
            <argument type="service" id="fos_http_cache.response_matcher.non_error" />
        </service>

        <service id="fos_http_cache.request_matcher.cacheable"
                 class="FOS\HttpCacheBundle\Http\RequestMatcher\CacheableRequestMatcher"
                 public="false"/>

        <service id="fos_http_cache.request_matcher.unsafe"
                 class="FOS\HttpCacheBundle\Http\RequestMatcher\UnsafeRequestMatcher"
                 public="false"/>

        <service id="fos_http_cache.response_matcher.cacheable"
                 class="FOS\HttpCacheBundle\Http\ResponseMatcher\CacheableResponseMatcher"
                 public="false">
            <argument>%fos_http_cache.cacheable.response.additional_status%</argument>
        </service>

        <service id="fos_http_cache.response_matcher.non_error"
                 class="FOS\HttpCacheBundle\Http\ResponseMatcher\NonErrorResponseMatcher"
                 public="false"/>
    </services>
</container>
